theme,theme_instances
mystique,685
gloriousday,7
customizr,30
twentyten,5168
graphene,105
cutline,15
bueno,21
panorama,433
ambiru,48
seashore,7
catch-everest,68
freshy-10,17
daisyraegemini,42
attitude,116
oceanmist,6
twentyeleven,224
twentytwenty,148
retina,88
twentytwentyone,61
wpmu-triden,43
almost-spring,33
twentynineteen,45
northern-web-coders,2
trevilian-way,1
boot-store,19
adventure-journal,170
nisarg,34
blue-moon-10,35
dignity-10,5
arclite,35
ifeature,10
wpmu-dixi,19
falling_dreams,8
copyblogger,5
coraline,46
digressit-default,4
manifest_v1.1,16
bluebird,32
terrafirma,2
gentle_calm,1
WP-Genius,11
borderlinechaos,27
72class,7
jakarta,3
epione,10
iBlogPro,13
designfolio,27
dixiebelle,13
PlatformPro,17
quadruple-blue,4
nexus,6
infowaytheme,5
pink-kupy-10,3
appleipad,13
fadtastic,3
deichnetz,1
autofocus/autofocus,26
contempt,13
garland,4
p2,3
thoughts-20,4
pinboard,31
mt-dark,6
daydream,3
modularity-lite,6
primitivo-10,2
cover-wp,45
twentytwentytwo,25
black-letterhead,6
classic,7
Newsmag,3
benevolence,2
wpnewspaper,1
blue-zinfandel-enhanced-20,32
thirdfloor,1
tarski,4
chaoticsoul,21
default,4
wootube,1
portfolio-press,15
anarchy,6
blix,8
pressrow,3
neo_wdl,3
edu-knows,5
twilight,3
trendyminds12,1
atahualpa,5
twentytwelve,27
jupiter,1
anubis-10,17
mandigo,6
andreas09,4
zeesynergie,3
bluegreen,1
infoway,2
visteredlittle,4
wpmu-nelo,3
mistylook,10
iblog,3
cleantidy,2
mymag,2
fauna,6
greenery,6
rubric,1
batavia,3
pagelines,2
showcase,4
sumenep-10,5
digg-3-col,3
patagonia,6
quentin,5
newsportal,2
picture-perfect,6
genkitheme,1
fresh-bananas,14
eventor,1
twentytwentythree,10
twentyfourteen,3
platform,4
WhiteHousePro,3
solipsus,4
radmod,4
simpla,1
neoclassical,1
vertigo-3column,2
waterlily-20,2
cordobo-green-park-2,1
regulus,1
light-10,1
oceanwide-10,4
dw-focus,4
roundflow-10,2
simplr,1
glossyblue-1-2,2
cropcircles,2
pyrmont-v2,2
retweet,1
hemingway,1
sweetblossoms,4
pool-107,4
whitehouse,2
flex,3
side-blog,1
redoable,2
green-marinee,1
responsive,5
kubrick,3
sleekphoto,2
connections,1
citrus islandwp,1
letterhead,1
thematic,1
